solver,cardinality,feasible,base_objective,gap_vs_exact,qubo_energy
exact_constrained,3,True,-0.3355659378293815,0.0,
exact_qubo,3,True,-0.3355659378293815,0.0,-0.3355659378293794
dimod_exact_qubo,3,True,-0.3355659378293815,0.0,-0.33556593782938116
top_k_mu,3,True,-0.3164118253510747,0.019154112478306784,
greedy,3,True,-0.3355659378293815,0.0,
local_search,3,True,-0.3355659378293815,0.0,
annealing_qubo,3,True,-0.3355659378293815,0.0,-0.3355659378293794
neal_qubo,3,True,-0.3355659378293815,0.0,-0.33556593782936517
